university_slug,university_name,country_slug,status,owner_agent_id,claimed_at,published_at,programme_count,payload_file,published_url,notes
constructor-university-bremen,Constructor University,germany,published,main-agent,2026-07-12T00:00:00+05:30,2026-07-12T00:00:00+05:30,6,research/catalog-payloads/constructor-university-bremen.json,https://www.studentstraffic.com/university/constructor-university-bremen,First multi-stream pilot
rmit-university-vietnam,RMIT University Vietnam,vietnam,published,main-agent-and-huygens,2026-07-12T00:00:00+05:30,2026-07-12T00:00:00+05:30,5,research/catalog-payloads/rmit-university-vietnam.json,https://www.studentstraffic.com/university/rmit-university-vietnam,MBA plus four engineering and technology programmes
hanoi-university-science-technology,Hanoi University of Science and Technology,vietnam,published,019f52c8-d5e0-70b0-97ce-8a797534b5df,2026-07-12T00:00:00+05:30,2026-07-12T00:00:00+05:30,1,research/catalog-payloads/hanoi-university-science-technology.json,https://www.studentstraffic.com/university/hanoi-university-science-technology,Mechatronic Engineering published; current fee withheld
university-of-malta,University of Malta,malta,published,verify-publish-agent+main-agent,2026-07-12T00:00:00Z,2026-07-12T21:45:00Z,7,research/catalog-payloads/university-of-malta.json;research/catalog-payloads/university-of-malta-stage2-medical-dental-nursing.json,https://www.studentstraffic.com/university/university-of-malta,Stage-1 published (Mechanical Eng, Electrical & Electronic Eng, Computing Science, International MBA) via publish-catalog-payload.ts -- verify pass fixed real mba course-row drift and a "six semesters" vs actual 4-instalment fee inconsistency; 4 material claims spot-checked directly against um.edu.mt, all confirmed. Stage-2 (MD Doctor of Medicine and Surgery, Master of Dental Surgery, BSc Hons Nursing) published via scripts/add-program-offerings.mjs after stage-1 went live -- targets existing active mbbs/bds/bsc-nursing course rows, which publish-catalog-payload.ts cannot touch (courseSchema.stream is engineering/business only). Cleaned internal pipeline commentary out of each programme's public audienceEligibility.notes field before publishing (was placeholder process text, not eligibility guidance). All 7 programme routes + university page return HTTP 200 after manual /api/revalidate (local .env lacked REVALIDATE_SECRET, used .env.local). KNOWN SITE-WIDE ISSUE (not caused by this publish, also seen on luiss-guido-carli, university-of-mannheim, fpt-university): page <title> metadata stuck on stale "University/Page Not Found" despite correct body content and 200 status -- looks like a PPR static-shell cache-invalidation gap; flagged to user directly, not fixed here. Docs: docs/research-scopes/university-of-malta.md
rwth-aachen-university,RWTH Aachen University,germany,published,019f52c8-d5e0-70b0-97ce-8a797534b5df,2026-07-12T01:51:21+05:30,2026-07-12T01:55:24+05:30,2,research/catalog-payloads/rwth-aachen-university.json,https://www.studentstraffic.com/university/rwth-aachen-university,Computer Science BSc plus Full-Time MBA Digitalization & Industrial Change; Computer Science is primarily German-medium and MBA tuition is EUR 35
technical-university-of-munich,Technical University of Munich,germany,published,019f52dc-fc3c-7752-a1f9-22bcdb409b73,2026-07-12T01:56:33+05:30,2026-07-12T03:12:00+05:30,1,research/catalog-payloads/technical-university-of-munich.json,https://www.studentstraffic.com/university/technical-university-of-munich,Official Executive MBA in General Management published; engineering bachelor mappings omitted where current international programme evidence was insufficient
vinuniversity,VinUniversity,vietnam,published,019f52ee-44ba-79b0-8cdd-91f0df5d31e2,2026-07-12T01:56:33+05:30,2026-07-12T02:21:13+05:30,3,research/catalog-payloads/vinuniversity-program-enrichment.json,https://www.studentstraffic.com/university/vinuniversity-college-health-sciences,Programme-only enrichment of the existing VinUniversity record; preserve published MBBS content
university-of-british-columbia,University of British Columbia,canada,published,019f52dd-2487-7ad0-8d4f-d5473ddab1b8,2026-07-12T01:56:33+05:30,2026-07-12T02:18:00+05:30,5,research/catalog-payloads/university-of-british-columbia.json,https://www.studentstraffic.com/university/university-of-british-columbia,Four Vancouver BASc engineering pathways plus Sauder full-time MBA; published through validated catalogue payload
western-university,Western University,canada,published,main-agent,2026-07-11T20:26:09.700Z,2026-07-12T06:35:00+05:30,5,research/catalog-payloads/western-university.json,https://www.studentstraffic.com/university/western-university,Ivey MBA (12-month) plus Mechanical/Civil/Software/Mechatronic Systems Engineering BESc; all 5 course rows re-verified verbatim against live DB immediately before publish (no drift); one FAQ answer trimmed to meet 700-char schema limit before publish; university page, both Cloudinary assets confirmed HTTP 200
bocconi-university,Bocconi University,italy,published,bocconi-university-research-agent,2026-07-12T02:10:00+05:30,2026-07-12T02:49:04+05:30,3,research/catalog-payloads/bocconi-university.json,https://www.studentstraffic.com/university/bocconi-university,Full-Time MBA plus Executive MBA Modular plus Rotman-SDA Bocconi Global Executive MBA (all mapped to existing mba course row, verified unchanged after TUM publish drift); no medical/engineering overlap with existing Italy entries; verify pass fixed a Full-Time MBA average-work-experience error (six years to five years, per cited admissions source) before publish
university-of-waterloo,University of Waterloo,canada,published,019f52ed-5490-7c81-a217-054a10daa94e,2026-07-12T02:14:33+05:30,2026-07-12T02:26:11+05:30,6,research/catalog-payloads/university-of-waterloo.json,https://www.studentstraffic.com/university/university-of-waterloo,Published six supported direct-entry Engineering BASc programmes; HTTP 200 verified for university, programme routes and Cloudinary media
university-of-padua,University of Padua,italy,held,019f52ed-6a0d-75a3-a3ab-e233db2ad446,2026-07-12T02:14:33+05:30,,,research/catalog-payloads/university-of-padua.json,,Held: live DB duplicate found — University of Padova (slug university-of-padova-italy, city Padova, published=true) is the same institution as University of Padua, Italy; stopped to avoid duplicate publication.
frankfurt-school-finance-management,Frankfurt School of Finance & Management,germany,published,019f52ed-8311-7ab3-98e1-ac20b0edcb80,2026-07-12T02:14:33+05:30,2026-07-12T02:25:13+05:30,4,research/catalog-payloads/frankfurt-school-finance-management.json,https://www.studentstraffic.com/university/frankfurt-school-finance-management,Published four supported MBA/business programmes through validated atomic publisher; university, programme routes and Cloudinary media HTTP 200
politecnico-di-milano,Politecnico di Milano,italy,published,stage-b-verify-publish,2026-07-12T00:00:00+05:30,2026-07-12T00:00:00Z,4,research/catalog-payloads/politecnico-di-milano.json,https://www.studentstraffic.com/university/politecnico-di-milano,Verified and published by Stage B. Civil Engineering (bilingual EN/ITA) bachelor plus three MIP Politecnico di Milano MBA formats (International Full-Time, International Part-Time, International Flex Executive MBA); held three newly announced English bachelors (Engineering Science, Industrial Engineering, Process Engineering) as explicitly "pending approval" for 2026-2027 per Polimi's own programme pages. Course-row drift found on both be-btech-civil-engineering and mba (summary/metaTitle/metaDescription/displayOrder all changed further since research agent's last check, beyond the alias drift it had already caught) - corrected payload to match live DB verbatim immediately before publish, re-checked again immediately before running the publish script with no further drift. No DB duplicate found on recheck (distinct from University of Milan, University of Milan-Bicocca and Marche Polytechnic University). Spot-checked ISEE tuition cap (EUR 3,943.04), all three MIP MBA fees/durations, AACSB listing and QS 87th/1st-Italy ranking directly against official pages - all confirmed. Cloudinary logo+cover HTTP 200 confirmed. Published university + all 4 programme routes verified HTTP 200 live (programme routes are top-level /<slug>, not nested under /university/). Docs: docs/research-scopes/politecnico-di-milano.md
simon-fraser-university,Simon Fraser University,canada,published,stage-b-verify-publish,2026-07-11T21:03:06Z,2026-07-11T21:31:32Z,5,research/catalog-payloads/simon-fraser-university.json,https://www.studentstraffic.com/university/simon-fraser-university,Verified and published by Stage B. Beedie Full-Time MBA plus Engineering Science Computer/Electronics/Biomedical Engineering options and Mechatronic Systems Engineering (Surrey campus); Computing Science BSc, Sustainable Energy Engineering, Engineering Physics and Systems Engineering options, and Beedie BBA/EMBA/MOT MBA held; no DB duplicate found on recheck immediately before publish. Course-row drift fixed pre-publish due to heavy concurrent activity: mba row was patched twice (payload draft vs. live at 21:03 vs. live again at publish time -- another agent, likely Malta, had already changed it once, and it drifted a second time before this publish) and be-btech-biomedical-engineering had been created live in the interim by a concurrent agent (likely VGTU) since the SFU draft assumed it was a new row -- payload's course entries were re-synced verbatim to live DB values immediately before the publish transaction. All 5 programme URLs, university URL and both Cloudinary assets confirmed HTTP 200 post-publish.
whu-otto-beisheim-school-management,WHU Otto Beisheim School of Management,germany,published,019f52f6-a521-7701-a6d2-87982305917b,2026-07-12T02:24:52+05:30,2026-07-12T02:35:45+05:30,4,research/catalog-payloads/whu-otto-beisheim-school-management.json,https://www.studentstraffic.com/university/whu-otto-beisheim-school-management,Business programme research validated; four supported MBA formats
karlsruhe-institute-technology,Karlsruhe Institute of Technology,germany,published,019f52f6-b9fa-78b1-871c-fa450e7ca31d,2026-07-12T02:24:52+05:30,2026-07-12T02:33:50+05:30,4,research/catalog-payloads/karlsruhe-institute-technology.json,https://www.studentstraffic.com/university/karlsruhe-institute-technology,Published four supported Engineering bachelor programmes; Mechanical Engineering (International) is English-taught, the other listed programmes are German-medium; Cloudinary media HTTP 200
esmt-berlin,ESMT Berlin,germany,published,019f52f7-c301-7b13-ba2e-947d5ea04c07,2026-07-12T02:26:14+05:30,2026-07-12T02:34:59+05:30,4,research/catalog-payloads/esmt-berlin.json,https://www.studentstraffic.com/university/esmt-berlin,Business programme research reserved by Codex; published four current MBA formats through validated atomic catalogue payload
queens-university-canada,Queen's University,canada,published,019f52f8-8141-75b3-ab59-dad99c8b06f7,2026-07-12T02:27:07+05:30,2026-07-12T02:37:33+05:30,7,research/catalog-payloads/queens-university-canada.json,https://www.studentstraffic.com/university/queens-university-nursing,Enriched existing Queen's University record id 560; preserved published BScN and added five Smith Engineering BASc offerings plus Smith Full-time MBA; name/slug/campus/predecessor audit clean; official programme and Cloudinary URLs HTTP 200 verified.
vilnius-gediminas-technical-university,Vilnius Gediminas Technical University (VILNIUS TECH),lithuania,published,vgtu-research-agent,2026-07-12T02:33:21+05:30,2026-07-12T02:57:44+05:30,6,research/catalog-payloads/vilnius-gediminas-technical-university.json,https://www.studentstraffic.com/university/vilnius-gediminas-technical-university,Six English-taught Bachelor of Engineering Sciences/Informatics programmes (Civil, Mechanical, Mechatronics and Robotics, Information Technologies, Artificial Intelligence Systems, Medical/Biomedical Engineering); distinct institution from Vilnius University (nursing-only DB entry) and all other Lithuania DB entries; Stage B independently re-verified tuition (EUR 4,950/4,201), QS 2027 rank 798th/283rd and SKVC/EQAR/ATHENA recognition via curl+WebSearch, diffed 4 existing course rows verbatim (no drift) and confirmed 2 new course rows (AI/ML id 77, Biomedical id 78) did not pre-exist, confirmed no VGTU/Vilnius-Gediminas duplicate in DB; published via publish-catalog-payload.ts; live HTTP 200 confirmed on university page, all 6 programme pages and both Cloudinary assets
university-of-alberta,University of Alberta,canada,published,019f5308-e6c3-7081-b414-f8eee9d2caef,2026-07-12T02:44:48+05:30,2026-07-12T02:58:16+05:30,5,research/catalog-payloads/university-of-alberta.json,https://www.studentstraffic.com/university/university-of-alberta-nursing,Enriched existing University of Alberta record ID 573 under legacy slug university-of-alberta-nursing; preserved published BScN and added Civil Electrical Mechanical Engineering plus Full-Time MBA using approved taxonomy; final DB identity audit clean, all 5 programme routes, university route and both Cloudinary assets HTTP 200; cache revalidation unavailable because local NEXT_PUBLIC_SITE_URL/REVALIDATE_SECRET are unset
university-of-mannheim,University of Mannheim,germany,published,019f5308-facf-7a30-a772-cfac2901f5ad,2026-07-12T02:44:48+05:30,2026-07-12T02:54:47+05:30,4,research/catalog-payloads/university-of-mannheim.json,https://www.studentstraffic.com/university/university-of-mannheim,Published four supported MBA formats; official logo and original cover hosted on Cloudinary; final name/slug/campus/predecessor audit and all route/media HTTP 200 checks passed
luiss-guido-carli,LUISS Guido Carli,italy,published,019f5309-10ab-7543-94cc-3ad1712c5ca4,2026-07-12T02:44:48+05:30,2026-07-12T02:54:08+05:30,6,research/catalog-payloads/luiss-guido-carli.json,https://www.studentstraffic.com/university/luiss-guido-carli,Published six supported MBA formats through the validated atomic catalogue publisher; identity audit found no existing LUISS record or predecessor collision; all programme routes, university route and both Students Traffic Cloudinary media URLs returned HTTP 200. Cache revalidation was unavailable in local env because NEXT_PUBLIC_SITE_URL/REVALIDATE_SECRET were unset.
fpt-university,FPT University,vietnam,published,019f5309-25f2-7722-89f9-1a594a9bf78e,2026-07-12T02:44:48+05:30,2026-07-12T02:55:47+05:30,2,research/catalog-payloads/fpt-university.json,https://www.studentstraffic.com/university/fpt-university,Published Software Engineering and FSB MBA; verified university and programme pages HTTP 200 on localhost:3001; Cloudinary logo and cover HTTP 200
epoka-university,Epoka University,albania,published,epoka-research-agent,2026-07-11T21:29:01Z,2026-07-11T21:52:27Z,4,research/catalog-payloads/epoka-university.json,https://www.studentstraffic.com/university/epoka-university,"Published by Stage B verify+publish agent after independent verification. Four Faculty of Architecture and Engineering Bachelor programmes (Civil Engineering, Computer Engineering, Software Engineering, Electronics and Digital Communication Engineering); Architecture held (no taxonomy slug), Business Administration/Banking and Finance/Economics/Business Informatics/International Marketing bachelors held (no Bachelor's-level business canonical exists), MSc Business Administration held (academic thesis-track, not MBA-structured), Professional Master in Business Administration held (official overview page returned live HTTP 500, unverifiable); no Albania DB duplicate found on recheck (distinct from all 7 existing medical/nursing entries); 4 course rows re-verified verbatim against live DB immediately before publish (no drift, published as-is); tuition figures (Civil/Computer/Electronics EUR 5,000, Software EUR 5,200) independently re-verified against live official Tuition Fees schedule table (395,000/375,000/400,000/375,000 ALL respectively) confirming the research agent's judgment to use the dedicated fee schedule over the lower ALL-derived overview-page badges; per-programme ASCAL accreditation decision numbers and validity windows independently re-verified verbatim against live ASCAL HEI profile page; ENQA Affiliate / EQAR-not-registered status for ASCAL independently re-verified against live ENQA membership page; official logo Cloudinary URL re-confirmed HTTP 200; cover image confirmed absent (not a broken/guessed URL) per zod schema. All 4 canonical course slugs confirmed present in lib/data/program-taxonomy.ts. Post-publish live checks: university + all 4 programme pages (root-level /{slug} routes, not /university/{uni}/{slug}) HTTP 200; DB published=true on university and all 4 program_offerings rows; cache manually revalidated via /api/revalidate using .env.local REVALIDATE_SECRET since .env's is blank. Known site-wide bug confirmed present: university page <title> falls back to 'University Not Found | Students Traffic' despite HTTP 200 body (separately tracked, not fixed here). Docs: docs/research-scopes/epoka-university.md"
georgian-technical-university,Georgian Technical University,georgia,published,gtu-research-agent,2026-07-11T21:33:09Z,2026-07-11T22:04:00Z,5,research/catalog-payloads/georgian-technical-university.json,https://www.studentstraffic.com/university/georgian-technical-university,"Published by Stage B verification agent 2026-07-12: independently re-verified all 5 course rows (ids 19/37/40/78/23) verbatim immediately before publish, no drift; flat GEL 12,500/yr international tuition independently confirmed live via curl against 3 official GTU pages (FAQ page literal '12 500 GEL', registration/tuition resolution table 'GEL 12500' x2, both distinct from the 2250 GEL domestic rate shown on individual programme pages); ABET nuance independently confirmed against the live Biomedical Engineering curriculum PDF text ('prepared in accordance with ABET accreditation standards and is equivalent to ABET accredited...programs' -- not an accreditation claim), matches payload's non-claim in recognitionBadges and honest FAQ/caveat framing; EUA full-member status and QS 1001-1200 band independently confirmed live against eua.eu member directory and the archived QS snapshot; FIXED before publish -- live ENQA membership-database page for NCEQE showed 'Status: Member under review', not 'full member' as the original payload claimed in recognitionBadges/thingsToConsider/FAQ -- corrected all 3 occurrences to accurately state 'member under review' before publishing (EQAR-lapsed claim was accurate and unchanged); zod schema validation (courses+university+programmes) re-run standalone and passed after the fix; no Georgia DB duplicate found on final recheck; both Cloudinary media assets HTTP-200 confirmed; published all 5 programmes, DB published=true verified, university + 5 programme routes HTTP-200 verified live; manually triggered /api/revalidate (blank REVALIDATE_SECRET in .env, used real secret from .env.local) since .env's blank secret caused the publish script to skip its own revalidation call; live <title> tag still shows the known site-wide 'University Not Found | Students Traffic' bug (fix staged in app/api/revalidate/route.ts + scripts/lib/trigger-revalidate.ts but not yet deployed to production -- confirmed via empty dynamicPagePaths in the live revalidate response) -- not fixed per instructions, reported only. Docs: docs/research-scopes/georgian-technical-university.md"
turin-polytechnic-university-tashkent,Turin Polytechnic University in Tashkent,uzbekistan,published,ttpu-research-agent,2026-07-12T00:00:00+05:30,2026-07-12T05:59:03Z,5,research/catalog-payloads/turin-polytechnic-university-tashkent.json,https://www.studentstraffic.com/university/turin-polytechnic-university-tashkent,"Stage-B verify+publish (2026-07-12): re-queried all 5 course slugs live -- the 4 pre-existing rows (civil/CSE/mechanical/automobile) matched the payload character-for-character, no drift since research; industrial-production-engineering did not yet exist and was created by the publish transaction as designed. Re-confirmed no duplicate/collision (only unrelated 'University of Turin' Italy and Canadian 'Polytechnic' nursing programmes matched name search). turin.uz/polito.uz are NO LONGER network-blocked from this environment (unlike during research) -- fetched live pages directly: EUR 3,300/year Italian-track B.Sc. tuition corroborated verbatim on turin.uz/international-students/ ('...is 3 300 (three thousand three hundred) EURO'); 27 April 2009 / PP-1106 founding and Politecnico di Torino Double Degree Agreement corroborated on polito.it and via WebSearch/Wikipedia; programme titles on live pages line up with payload officialTitle values (minor non-fabricated wording variance, e.g. site's 'Industrial and Civil Engineering and Architecture' vs payload's 'Civil Engineering and Architecture'). Zod/content-depth checks passed (13 FAQs, 3 recognition badges, all field-length constraints, meta title/description focus-keyword check). Published all 5 programmes; cache revalidated manually via /api/revalidate (scope=catalog) using the real secret from .env.local since .env's REVALIDATE_SECRET is blank. Live HTTP 200 confirmed on university + all 5 programme URLs + both Cloudinary assets, but confirmed both known site-wide defects are present post-publish: university <title> falls back to 'University Not Found | Students Traffic' despite correct body content, and all 5 programme ([slug]) pages return HTTP 200 with a blank 'Page Not Found' fallback shell body (~232.7KB, title 'Page Not Found | Students Traffic') -- pre-existing, unrelated to this payload, not fixed per instructions, awaiting the user's deploy approval for the staged fix in app/api/revalidate/route.ts. Docs: docs/research-scopes/turin-polytechnic-university-tashkent.md"
mcgill-university,McGill University,canada,published,019f531b-4d9d-7d81-8a69-504babaf84ed,2026-07-12T03:04:45+05:30,2026-07-12T03:25:00+05:30,2,research/catalog-payloads/mcgill-university-mba-enrichment.json,https://www.studentstraffic.com/university/mcgill-university-nursing,Enriched existing McGill University record; preserved BScN and added officially sourced full-time MBA; engineering held for insufficient current fee/eligibility bundle
hhl-leipzig-graduate-school-management,HHL Leipzig Graduate School of Management,germany,published,019f531b-6237-7772-9c9d-1eb59384f9bf,2026-07-12T03:04:45+05:30,2026-07-12T03:12:39+05:30,3,research/catalog-payloads/hhl-leipzig-graduate-school-management.json,https://www.studentstraffic.com/university/hhl-leipzig-graduate-school-management,Published three approved MBA/business offerings; no HHL or Handelshochschule Leipzig duplicate/predecessor collision; university, programme and Cloudinary URLs HTTP 200 verified.
university-of-bologna,University of Bologna,italy,published,019f531b-78cd-7ca2-ac7b-2f5dce38427f,2026-07-12T03:04:45+05:30,2026-07-12T03:12:28+05:30,3,research/catalog-payloads/university-of-bologna.json,https://www.studentstraffic.com/university/university-of-bologna-italy,Enriched existing DB record university-of-bologna-italy; preserved existing MBBS and added Automation Engineering plus Business Administration and Management
university-economics-ho-chi-minh-city,University of Economics Ho Chi Minh City,vietnam,published,019f531b-8e0c-7742-abda-10500b92f2fa,2026-07-12T03:04:45+05:30,2026-07-12T03:14:58+05:30,3,research/catalog-payloads/university-economics-ho-chi-minh-city.json,https://www.studentstraffic.com/university/university-economics-ho-chi-minh-city,Published 3 supported UEH-ISB MBA offerings; MBA Talent held for unsupported duration; university, programme routes, official source URLs and Cloudinary media HTTP 200 verified; cache revalidation skipped because local site secret is unset.
york-university-canada,York University,canada,published,019f532d-87c5-7ec2-a31e-aea74825eef2,2026-07-12T03:24:45+05:30,2026-07-12T03:36:08+05:30,7,research/catalog-payloads/york-university-canada.json,https://www.studentstraffic.com/university/york-university-nursing,Enriched exact live record ID 556 under legacy slug york-university-nursing; preserved existing BScN and added five supported Lassonde Engineering offerings plus Schulich full-time MBA. Final DB identity/program audit clean; university, all 7 programme routes and both Students Traffic Cloudinary URLs HTTP 200. Lassonde Mechatronics held because York marks it pending final approval with fees TBC.
university-of-cologne,University of Cologne,germany,published,019f532d-9c96-7271-8e0f-4b8423b225c3,2026-07-12T03:24:45+05:30,2026-07-12T04:11:00+05:30,1,research/catalog-payloads/university-of-cologne.json,https://www.studentstraffic.com/university/university-of-cologne,Published current University of Cologne Executive MBA mapped to approved mba taxonomy; legacy Cologne-Rotterdam joint EMBA and double-master routes excluded after ownership check.
politecnico-di-torino,Politecnico di Torino,italy,published,019f532d-b1ee-7f61-897b-f81cfaa604c9,2026-07-12T03:24:45+05:30,2026-07-12T03:34:39+05:30,3,research/catalog-payloads/politecnico-di-torino.json,https://www.studentstraffic.com/university/politecnico-di-torino,"Published three supported Engineering Bachelor's programmes through the validated atomic catalogue publisher; no duplicate/predecessor collision; university, programme and Cloudinary URLs HTTP 200 verified."
ton-duc-thang-university,Ton Duc Thang University,vietnam,published,019f532d-c760-7480-ab69-e3b013a0d103,2026-07-12T03:24:45+05:30,2026-07-12T03:32:15+05:30,3,research/catalog-payloads/ton-duc-thang-university.json,https://www.studentstraffic.com/university/ton-duc-thang-university,"Published three supported English-taught engineering programmes: Software Engineering, Computer Science and Civil Engineering. Identity audit found no Ton Duc Thang/TDTU duplicate, alias or predecessor collision; existing Vietnam programmes/assets preserved. Automation and Control Engineering was held from this payload because no exact approved canonical taxonomy slug exists. University, programme routes and Cloudinary media returned HTTP 200. Cache revalidation skipped because local REVALIDATE_SECRET is unset."
itmo-university,ITMO University,russia,held,itmo-research-agent,2026-07-11T21:56:34Z,,0,,,"HELD - no payload published. Confirmed ITMO Bachelor's programmes are Russian-medium (official source: int.itmo.ru/en/bachelors_programs states plainly all Bachelor's are taught in Russian, Russian entrance exam required), so they fail the genuine-English-taught bar. ITMO's ~20 international Master's programmes ARE genuinely English-taught and well-documented (Big Data and Machine Learning, Robotics and Artificial Intelligence, Information Security, Data Culture and Visualization, etc.) but lib/data/program-taxonomy.ts has zero Engineering-stream canonical slugs at Master's level (all 19 are bachelors-only) and ITMO runs no genuine MBA to fit the Business-stream Master's slugs (closest is ICT Entrepreneurship MSc, not MBA-structured, not force-mapped, same reasoning VGTU used to hold its non-MBA Master of Business Management). No clean taxonomy fit exists for any real ITMO programme, so the full university was held rather than force-published. No ITMO duplicate found in live DB (queried all 80 active Russia rows by name/slug/city, re-confirmed immediately before finalizing). Full findings and taxonomy-gap detail in docs/research-scopes/itmo-university.md. Recommend adding a Master's-level Engineering canonical slug family (e.g. msc-computer-science/msc-data-science/msc-artificial-intelligence) if this university is revisited."
moscow-institute-physics-technology,Moscow Institute of Physics and Technology,russia,published,mipt-research-agent,2026-07-11T21:56:58Z,2026-07-11T22:21:56Z,2,research/catalog-payloads/moscow-institute-physics-technology.json,https://www.studentstraffic.com/university/moscow-institute-physics-technology,"Verified and published by Stage B (verify+publish) agent. Independently re-verified: tuition RUB 554,000/yr + codes 01.03.02/19.03.01 + English-medium bachelor's-level status confirmed directly from eng.mipt.ru/programs/undergraduate/ table; National Research University status (2009) and QS 2027 #504 rank cross-checked via web search; both canonical course rows re-queried immediately before publish with zero drift; no MIPT/Phystech duplicate in DB; payload contains no political commentary (rector Ukraine-support fact correctly omitted per editorial standard) and honestly discloses SWIFT/Bologna Process frictions; FAQ=13, badges=4, all zod constraints and both Cloudinary media confirmed HTTP-200. Published via publish-catalog-payload.ts; DB published=true for university id668 + both programmes (ids 739,740); live HTTP-200 confirmed on university and both programme routes (/university/moscow-institute-physics-technology, /computer-science-mipt, /biomedical-engineering-mipt). Cache revalidated manually via .env.local REVALIDATE_SECRET (Authorization Bearer) after .env's blank secret caused publish script to skip; production /api/revalidate confirmed running the pre-fix version (dynamicPagePaths empty in response), reproducing the known site-wide stale <title> bug (shows Not Found) on both university and programme pages while body content renders correctly -- not fixed, per instructions."
ala-too-international-university,Ala-Too International University,kyrgyzstan,held,alatoo-research-agent,2026-07-11T22:04:27Z,,0,,,"HELD - no payload published. Live DB already contains this exact institution: id 428, slug ala-too-international (city Bishkek, published=true, created 2026-03-31, pre-dates tonight's pipeline) - assignment's NOT-a-duplicate premise was incorrect; any future publish must enrich this existing slug, never create ala-too-international-university as a second row. Existing record is templated placeholder content (official_website=""#"", empty faq/recognitionLinks/researchSources, single generic recognitionBadge) with one published MBBS programme (mbbs-in-ala-too-international) whose validity is a genuine source conflict: Wikipedia claims a Faculty of Medicine, but edurank.org and unirank.org faculty lists (matching the assignment's own Engineering+Business description) list none, and careers360's Ala-Too page returned internally-inconsistent General-Medicine/2013/IAAR content suggesting cross-institution contamination - not resolved, flagged for separate medicine-stream follow-up, no action taken (out of scope for engineering/business-only publish-catalog-payload.ts). Of the assignment's named target programmes, only Computer Engineering was corroborated as real (original 1996 programme, Faculty of New Technologies/Engineering and Informatics) across ~10 independent secondary sources; Civil Engineering was not found in any source despite targeted searches; Electrical-Electronics Engineering was not found under that name (closest real programme is differently-scoped Electronics and Nanoelectronics); Business Administration bachelor's was not found by that name (real offerings are Economics/Management variants) and would have been held anyway since lib/data/program-taxonomy.ts has zero Bachelor's-level Business slugs (same gap already hit on epoka-university/VGTU). Even for Computer Engineering, no tuition figure, curriculum, or admission specifics could be verified against a primary source: alatoo.edu.kg returned HTTP 403 Cloudflare block on every curl attempt (multiple UAs/paths) and every WebFetch attempt, and a r.jina.ai headless-browser reader proxy timed out (TimeoutError, page never reached networkidle) - a genuine access barrier, not a research-depth gap. No Kyrgyzstan DB duplicate collision from other agents found on recheck immediately before finalizing (ledger and DB both re-queried, no changes since claim). Full findings: docs/research-scopes/ala-too-international-university.md"
toronto-metropolitan-university,Toronto Metropolitan University,canada,published,019f533f-d520-7791-b394-fe9db8739899,2026-07-12T03:44:39+05:30,2026-07-12T03:52:02+05:30,4,research/catalog-payloads/toronto-metropolitan-university.json,https://www.studentstraffic.com/university/toronto-metropolitan-university-nursing,Enriched exact existing record ID 557 under legacy slug toronto-metropolitan-university-nursing; confirmed same institution as former Ryerson University in Toronto; preserved existing published BScN and added three supported CEAB-accredited Engineering offerings (Civil, Computer, Mechanical); MBA held because current official page does not provide one stable duration/current fee bundle; Cloudinary logo and cover plus university and all four programme routes returned HTTP 200.
technical-university-berlin,Technical University of Berlin,germany,published,019f533f-e916-7f51-8124-cddf53332c21,2026-07-12T03:44:39+05:30,2026-07-12T03:56:06+05:30,8,research/catalog-payloads/technical-university-berlin.json,https://www.studentstraffic.com/university/technical-university-berlin,"Published atomically after final DB identity/programme-slug recheck; five German-taught engineering bachelor’s programmes and three English-taught continuing-education MBAs; university, all 8 programme URLs and both Cloudinary assets HTTP 200 verified; cache revalidation skipped because required environment variables are absent"
university-of-trento,University of Trento,italy,published,019f533f-fe33-7cb0-a4d7-264e74d4690e,2026-07-12T03:44:39+05:30,2026-07-12T03:53:30.9301534+05:30,2,research/catalog-payloads/university-of-trento.json,https://www.studentstraffic.com/university/university-of-trento,"Published two supported English-track Engineering bachelor's programmes (Computer Science; Computer, Communications and Electronic Engineering) through the validated atomic catalogue publisher. Identity audit found no duplicate by name, slug, alias, Trento campus or predecessor; existing records/assets preserved because none existed. Original Trento/Alpine cover uploaded to Students Traffic Cloudinary and returned HTTP 200; no suitable official logo asset was used. University route, both programme routes and cover URL returned HTTP 200. European Master in Business Studies was held from MBA mapping because it is a joint management master's, not an MBA. Cache revalidation skipped because local site URL/secret are unset."
duy-tan-university,Duy Tan University,vietnam,published,019f5340-1319-7e60-8229-c01eddc75296,2026-07-12T03:44:39+05:30,2026-07-12T03:51:07+05:30,2,research/catalog-payloads/duy-tan-university.json,https://www.studentstraffic.com/university/duy-tan-university-faculty-of-medicine,"Enriched existing Duy Tan University Faculty of Medicine record without duplication; preserved existing medical programme and Cloudinary assets; published one verified English-medium Software Engineering programme; MBA held because current English-medium delivery was not verified."
innopolis-university,Innopolis University,russia,published,innopolis-research-agent+verify-publish-agent,2026-07-11T22:20:01Z,2026-07-12T22:52:00+05:30,2,research/catalog-payloads/innopolis-university.json,https://www.studentstraffic.com/university/innopolis-university,"Published 2 English-taught Bachelor's majors (Computer Science and Engineering -> be-btech-computer-science-engineering; Data Science and Artificial Intelligence -> be-btech-artificial-intelligence-machine-learning), both reusing existing generic course rows verbatim. VERIFY PASS fixed real drift on the shared be-btech-computer-science-engineering course row (id 19, used by 19 program offerings site-wide): payload had durationYears 3 vs live DB 4, plus stale summary/metaTitle/metaDescription/aliases/displayOrder from an earlier draft -- corrected to match live DB verbatim immediately before publish so the shared taxonomy row was not overwritten with stale values. Held: Robotics track (DSAI sub-track only, not a standalone major; canonical be-btech-robotics-automation-engineering slug independently re-confirmed locked to Bologna Master's content, id 21, level=masters -- not touched) and ~4 English-taught Master's programmes (no Master's-level Engineering canonical slug exists). Key eligibility finding independently re-verified via r.jina.ai render of new.innopolis.university/en/: mandatory internal Russian-language entrance exam (min B1) for ALL international applicants regardless of programme -- disclosed prominently, not softened. India-not-on-pre-accepted-translation-countries-list also independently re-verified against the same live page (full 33-country list checked, no India) -- disclosed. SWIFT/banking friction and 2022 Bologna Process exit also disclosed. All zod schema constraints re-validated (FAQ 13 questions, all answers 40-700 chars; badges 3; narrative fields within min/max; programme feeNotes/sourceUrls/restrictions all within bounds). Both Cloudinary media URLs HTTP 200. No Innopolis duplicate in DB confirmed on repeated rechecks through to publish time; no competing ledger claim. Published via publish-catalog-payload.ts, cache manually revalidated via /api/revalidate (Bearer auth, since .env REVALIDATE_SECRET is blank -- used .env.local). University page live, HTTP 200, body renders correct Innopolis content (confirmed distinct from known title-only bug). BOTH programme pages (/computer-science-engineering-innopolis, /data-science-artificial-intelligence-innopolis) return HTTP 200 but a genuinely empty/not-found BODY, not just a stale <title> -- confirmed this is NOT specific to this publish by testing an older, previously-verified-working programme page (constructor-university-bremen's one-year-mba) which shows the identical not-found body right now, so this looks like a broader, currently-live regression on the /[slug] programme-page route (distinct from and more severe than the documented title-only issue) affecting programme pages site-wide, not just Innopolis. Flagged to user, not fixed here (out of scope). Full findings: docs/research-scopes/innopolis-university.md"
hse-university,HSE University,russia,published,stage-b-verify-publish,2026-07-12T00:30:00+05:30,2026-07-12T04:45:21+05:30,1,research/catalog-payloads/hse-university.json,https://www.studentstraffic.com/university/hse-university,"Verified and published by Stage B. Independently re-verified via live curl: tuition RUB 1,000,000/yr 2026 + 'scholarships and tuition fee waivers not applicable' confirmed verbatim on hse.ru/en/ba/data/; entrance-exam minimums (75 Math/70 English) confirmed on /requirements; University of London/LSE double-degree structure confirmed on /about; HSE Graduate School of Business MBA/DBA/GMP Russian-only claim confirmed verbatim ('delivered in Russian... All classes are conducted in Russian') on gsb.hse.ru/en/mba -- justifies holding the entire Business/MBA family. be-btech-data-science confirmed a real approved taxonomy entry (lib/data/program-taxonomy.ts) and confirmed empty in DB immediately before publish (genuine first-time activation, course id 144 after publish). No HSE/Higher School of Economics duplicate found in DB (name/slug ILIKE search, zero rows) before publish. No political commentary (rector Ukraine letter) found in public payload on grep. Content depth: FAQ=13 (max answer 606/700 chars), recognitionBadges=5, all narrative fields within zod min/max, researchSources=15. No logo URL present (correctly skipped as unverifiable); Cloudinary cover HTTP 200 confirmed pre- and post-publish. Published via publish-catalog-payload.ts: university id 675, course id 144, programme id 764, all published=true. Cache revalidated manually via .env.local REVALIDATE_SECRET (Authorization Bearer) after .env's blank secret caused publish script to skip its own revalidation call (secret value in .env.local is double-quoted in the file -- must strip quotes before use). Production /api/revalidate confirmed running the pre-fix version (dynamicPagePaths empty in response), reproducing the known site-wide stale <title> bug ('University Not Found' / 'Page Not Found') on both university and programme pages while body content (HSE University name, etc.) renders correctly and both return HTTP 200 -- not fixed, per instructions. Docs: docs/research-scopes/hse-university.md"
concordia-university-montreal,Concordia University,canada,published,019f5352-163f-7190-93b1-879ad555eb93,2026-07-12T04:04:39+05:30,2026-07-12T04:11:52.5500612+05:30,3,research/catalog-payloads/concordia-university-montreal.json,https://www.studentstraffic.com/university/concordia-university-montreal,Published exact Concordia University Montreal record with Computer Science (BCompSc), Software Engineering (BEng) and John Molson MBA; no duplicate/predecessor collision; Cloudinary cover and university/programme routes HTTP 200; logo intentionally omitted because official reuse permission was not established
university-of-stuttgart,University of Stuttgart,germany,published,019f5352-2a55-7fe1-a827-89bc25dd3c64,2026-07-12T04:04:39+05:30,2026-07-12T04:13:03+05:30,6,research/catalog-payloads/university-of-stuttgart.json,https://www.studentstraffic.com/university/university-of-stuttgart,"Published six supported German-taught Engineering bachelor’s programmes through the validated atomic catalogue payload. Final identity audit found no existing Stuttgart duplicate, alias, campus or predecessor collision; six programme rows and both Cloudinary media assets verified HTTP 200. English-taught Engineering master’s programmes and taxonomy-mismatched bachelor’s options held. Cache revalidation skipped because local NEXT_PUBLIC_SITE_URL/REVALIDATE_SECRET are unset."
university-of-pisa,University of Pisa,italy,held,019f5352-3e59-7a31-af7b-a7cfc78053e1,2026-07-12T04:04:39+05:30,,0,research/catalog-payloads/university-of-pisa.json,,Held after final identity audit: no DB duplicate or medical record; current English offerings do not map to approved taxonomy (bachelor business and master engineering gaps; MBA claim lacks stable current programme evidence). No DB/media/public URL writes.
ho-chi-minh-city-university-technology,Ho Chi Minh City University of Technology,vietnam,published,019f5352-5274-72d1-99b6-5afa2f263fdc,2026-07-12T04:04:39+05:30,2026-07-12T04:15:06+05:30,7,research/catalog-payloads/ho-chi-minh-city-university-technology.json,https://www.studentstraffic.com/university/ho-chi-minh-city-university-technology,"Published exact HCMUT record as a distinct VNU-HCM engineering university; no HCMUT/Bach Khoa/predecessor/campus collision found. Added seven approved English-taught Engineering offerings; preserved no pre-existing HCMUT programmes/assets because no HCMUT record existed. University, all programme routes and both Students Traffic Cloudinary media URLs returned HTTP 200. Computer Engineering and non-exact-taxonomy offerings held from this payload."
bauman-moscow-state-technical-university,Bauman Moscow State Technical University,russia,held,bauman-research-agent,2026-07-12T04:20:00+05:30,,0,,,"HELD - no payload published. Two independent, sufficient reasons. (1) No genuine English-taught international programme found at any level: fiep.bmstu.ru's own 'All programmes' page lists every Bachelor's/Specialist/Master's track under standard Russian federal classifier codes only (e.g. 24.03.01, 09.03.04), FIEP runs a mandatory 10-month Russian-language Preparatory Department for foreign students before they can join these Russian-medium degrees, and Wikipedia confirms admissions exams are held in math/physics/Russian -- Bachelor's/Specialist level is Russian-medium, not English-taught. A secondary-source claim of 'nine English-taught Master's programmes' could not be corroborated on any bmstu.ru/fiep.bmstu.ru page and is directly contradicted by Studyportals' own Mastersportal.com index, which shows 'Browse 0 Masters at Bauman Moscow State Technical University' -- even if real, lib/data/program-taxonomy.ts has zero Master's-level Engineering canonical slugs (same gap as ITMO/MIPT/Innopolis tonight), and Bauman has no MBA/business programme to map to the Business stream. (2) Bauman Moscow State Technical University itself (not an affiliate) is on the U.S. Treasury OFAC Specially Designated Nationals (SDN) List, added 2 November 2023 under EO 14024 -- confirmed directly from the primary source (verbatim SDN entry embedded in ofac.treasury.gov/recent-actions/20231102, 'MOSCOW STATE TECHNICAL UNIVERSITY NAMED AFTER NE BAUMAN...[RUSSIA-EO14024]'), cross-checked against sanctions-finder.com and opensanctions.org. This is a blocking sanction on the institution itself, materially more severe than the SWIFT/banking friction already disclosed for MIPT/HSE/ITMO/Innopolis tonight, making any tuition-payment-facing publish irresponsible regardless of programme fit. Additional context (not the basis for the hold, recorded for honest disclosure per assignment instructions): a 2026 investigative-journalism consortium (Guardian/Spiegel/Le Monde/Insider/Delfi/VSquare) documented a covert GRU-linked 'Department 4/Special Training' facility and the rector's public letter supporting the Ukraine invasion, per Wikipedia's Sanctions/School of hacking and disinformation sections. No DB duplicate found on final recheck (queried by name/slug ILIKE '%bauman%' immediately before finalizing, zero rows, same as at claim time). No Cloudinary media uploaded (no payload to support). Docs: docs/research-scopes/bauman-moscow-state-technical-university.md"
tashkent-university-information-technologies,Tashkent University of Information Technologies named after Muhammad al-Khwarizmi,uzbekistan,claimed,tuit-research-agent,2026-07-12T22:59:12+05:30,,,,,Claiming before research; verifying genuine English-taught Bachelors and active international admissions; distinct from Turin Polytechnic University in Tashkent (claimed separately) and all 39+ existing medical-focused Uzbekistan DB entries
national-university-of-uzbekistan,National University of Uzbekistan named after Mirzo Ulugbek,uzbekistan,claimed,nuu-research-agent,2026-07-11T22:59:41Z,,,,,"Claiming before research; verifying genuine English-taught Bachelor's Engineering/Business programmes and active international admissions; confirmed distinct from all 39 existing Uzbekistan DB entries (all medical-faculty-focused) and from Turin Polytechnic Tashkent (separately claimed tonight)"
university-of-calgary,University of Calgary,canada,published,019f54da-f48f-7212-ad6e-e1e3df38ab3b,2026-07-12T11:13:46+05:30,2026-07-12T11:33:00+05:30,5,research/catalog-payloads/university-of-calgary.json,https://www.studentstraffic.com/university/university-of-calgary,"Published new canonical University of Calgary record id 680 with four Schulich BSc engineering offerings and Haskayne Full-time MBA; no duplicate by name, slug, aliases, Calgary campus or predecessor found; existing Mount Royal University Calgary record preserved. Official logo and campus cover hosted in Students Traffic Cloudinary and HTTP 200. University/programme/media routes HTTP 200 and cache tags revalidated. Known site-wide production metadata regression remains: body routes return 200 but title tags show University Not Found/Page Not Found."
tu-darmstadt,Technical University of Darmstadt,germany,published,019f54db-1090-7992-ae6b-87156054eecf,2026-07-12T11:13:46+05:30,2026-07-12T11:20:33+05:30,3,research/catalog-payloads/tu-darmstadt.json,https://www.studentstraffic.com/university/tu-darmstadt,"Published atomically as live university ID 678 with three verified German-taught Engineering bachelor's programmes (Computer Science, Mechanical Engineering – Sustainable Engineering, Civil Engineering and Geodesy); name/slug/alias/campus/predecessor identity audit clean; existing course rows preserved verbatim; official programme URLs and both Students Traffic Cloudinary assets HTTP 200. Production university and programme routes HTTP 200 but render the known site-wide stale University/Page Not Found shell regression; recorded, not publication-blocking. Cache revalidation skipped because local publisher environment did not expose NEXT_PUBLIC_SITE_URL/REVALIDATE_SECRET."
university-rome-tor-vergata,University of Rome Tor Vergata,italy,published,019f54db-24ab-7610-baf6-56aeb06ec422,2026-07-12T11:13:46+05:30,2026-07-12T11:18:32.2705986+05:30,2,research/catalog-payloads/university-rome-tor-vergata.json,https://www.studentstraffic.com/university/university-of-rome-tor-vergata,Enriched exact existing university ID 549; preserved existing published MBBS programme and null media fields; published EMBA mapped to active mba course. Engineering Sciences bachelor held because no exact approved multidisciplinary engineering taxonomy; MSc Business Administration held because no exact MSc business taxonomy. University URL returned HTTP 200 with correct body/title. Programme DB row published (ID 774), but production top-level programme route returned HTTP 200 with Page Not Found marker, matching the known site-wide programme-route regression; not treated as a publication failure. No Cloudinary media changed or external image URLs written.
vnu-international-university,VNU International University,vietnam,published,019f54db-38cf-7f72-b07f-96e432a2455d,2026-07-12T11:13:46+05:30,2026-07-12T05:53:09Z,4,research/catalog-payloads/vnu-international-university.json,https://www.studentstraffic.com/university/vnu-international-university,"Published exact International University, Vietnam National University Ho Chi Minh City record. Four engineering offerings published; Business Administration bachelor's held because no approved bachelor's business taxonomy slug exists, and MBA held pending a current official fee/source bundle. Distinct from HCMUT, VNU-UHS, VNU Hanoi UMP and VNU Hanoi International School. Cover is Students Traffic Cloudinary; official IU logo source was Cloudflare-blocked and left empty per media rule."
free-university-of-bozen-bolzano,Free University of Bozen-Bolzano,italy,claimed,unibz-research-agent,2026-07-12T06:02:26+05:30,,,,,"Claimed for research; verifying English-taught Engineering/Business bachelor's offerings"
industrial-university-ho-chi-minh-city,Industrial University of Ho Chi Minh City,vietnam,held,iuh-research-agent,2026-07-12T06:04:23.519Z,,0,,,"HELD - no payload published. IUH is a real large public technical/multidisciplinary university (est. 1956, university status 2004, ~2000 staff, three campuses: HCMC/Go Vap, Quang Ngai, Thanh Hoa) but its own official English site currently shows placeholder ""The content is updating..."" on both the English International page (iuh.edu.vn/en/dao-tao-quoc-te.html) and English Admissions Information page (iuh.edu.vn/en/thong-tin-tuyen-sinh.html), fetched directly 2026-07-12. The Vietnamese International Training page (iuh.edu.vn/vi/dao-tao-quoc-te.html, real content) and the dedicated international-students subsite ipe.iuh.edu.vn/en/overview/ (Incoming students section, real content, headed ""FORMS OF STUDENT EXCHANGE"") both confirm IUH runs only exchange (1-2 semester), internship (3-12mo) and short cultural/summer-camp programmes for incoming international students, plus outbound 1+3/2+2/3+1 transfer and joint programmes for its own Vietnamese students -- no direct-enrollment English-taught Bachelor degree admissions route for international students was found on any official page or via WebSearch (multiple EN+VI queries tried). IUH high-quality (chuong trinh chat luong cao) track is a higher-fee bilingual program for Vietnamese domestic students, not an English-medium international degree. No Vietnam DB duplicate found (queried by name/slug ILIKE industrial/IUH, zero rows, and full 40-row Vietnam list reviewed, both before and after research). No DB/media/public URL writes. Docs: docs/research-scopes/industrial-university-ho-chi-minh-city.md"
foreign-trade-university,Foreign Trade University,vietnam,held,ftu-research-agent,2026-07-12T06:05:18Z,,0,,,"Full hold, no payload produced: all Bachelor's Business/Economics degrees (Standard/High-Quality/Advanced/Joint w/ Northampton, Curtin, Bedfordshire, Monash, Solbridge, Ming Chuan, Colorado State, CSU Fullerton) hit taxonomy gap 2 (no Bachelor's Business slug); only English MBA-branded offering is a Northampton 'Top-Up' completion award requiring a pre-existing PG diploma + 2yrs management experience (not a genuine standalone MBA), domestic MBA/EMBA is Vietnamese-only; genuine English international Master's (Intl Economics, Project Management, MITPL) exist but none is MBA-structured/no canonical slug fits; Data Science/AI Integrated Programs and i-HONS-UQ Business Data Analytics bachelor's held for insufficient verified evidence of English medium + international admission despite curriculum plausibly fitting Engineering data-science. No FTU/foreign-trade duplicate in DB, no competing ledger claim, re-checked before finalizing. Docs: docs/research-scopes/foreign-trade-university.md"
british-university-vietnam,British University Vietnam,vietnam,claimed,buv-research-agent,2026-07-12T06:12:52Z,,,,,Claiming before research; verifying current UK-validated degree partnerships (Staffordshire/LSBU) and current programme list in Business/Computing/Engineering; distinct from all 39 existing Vietnam DB entries (medical-focused + RMIT/HUST/VinUni/FPT/UEH/HCMUT/TDTU/VNU-IU)
